,SOI
1876-01-01,1.0227487034753944
1876-02-01,0.9891246447842444
1876-03-01,0.37756106180691473
1876-04-01,0.9276244452636202
1876-05-01,0.9636544933638506
1876-06-01,2.121875023916663
1876-07-01,-0.48190917497057423
1876-08-01,1.4615162806365176
1876-09-01,0.9611795486965715
1876-10-01,-0.5915959251587792
1876-11-01,-0.2590229952805041
1876-12-01,-0.2469538280587846
1877-01-01,-0.7991518209340178
1877-02-01,-0.36969757762984456
1877-03-01,-0.05995604844150804
1877-04-01,-0.45479643428692323
1877-05-01,0.655285055487464
1877-06-01,-1.3145806703443133
1877-07-01,-0.959272036969962
1877-08-01,-0.49805862077579627
1877-09-01,-1.6244496466274967
1877-10-01,-1.3217301365891478
1877-11-01,-1.135416588334964
1877-12-01,-1.143537789801143
1878-01-01,-0.7163381607336178
1878-02-01,-1.5081702504631882
1878-03-01,-1.0322162934380277
1878-04-01,-0.3946911786543444
1878-05-01,0.5011003365492268
1878-06-01,0.07636568209471317
1878-07-01,1.7685157458838705
1878-08-01,1.522752996305596
1878-09-01,1.6356915126941127
1878-10-01,1.149493348251957
1878-11-01,1.318485472217484
1878-12-01,1.6877799841219583
1879-01-01,1.146969193776018
1879-02-01,1.246199119294982
1879-03-01,1.5442733558027273
1879-04-01,1.168045467794209
1879-05-01,0.5011003365492268
1879-06-01,2.0400546502438557
1879-07-01,2.382267997025985
1879-08-01,2.441303731342605
1879-09-01,1.7481101733604016
1879-10-01,1.5426425390221603
1879-11-01,0.8510755559217986
1879-12-01,-0.4828969758857097
1880-01-01,0.9813418733751709
1880-02-01,0.7320501702734653
1880-03-01,1.6414993803023459
1880-04-01,0.6270981671004526
1880-05-01,1.5033010096475927
1880-06-01,1.303671287187939
1880-07-01,0.26823246531418904
1880-08-01,1.6452264276438917
1880-09-01,0.7363422273640577
1880-10-01,0.587851647151703
1880-11-01,0.6173705977739559
1880-12-01,-0.1525765689281004
1881-01-01,-0.5921176704329942
1881-02-01,-0.29624772776956826
1881-03-01,0.5234000985563706
1881-04-01,0.2664666333047062
1881-05-01,-0.11563853920354637
1881-06-01,-0.08727506525108748
1881-07-01,-0.48190917497057423
1881-08-01,-0.804242199121466
1881-09-01,-1.2871936646286941
1881-10-01,-2.0518643480194525
1881-11-01,0.6173705977739559
1881-12-01,0.9327619110757872
1882-01-01,-0.5507108403327707
1882-02-01,0.03427659660140383
1882-03-01,0.8150781720553375
1882-04-01,0.32657188893728506
1882-05-01,0.9636544933638506
1882-06-01,-0.8236584283070973
1882-07-01,-2.118581844682982
1882-08-01,-2.1514499438424406
1882-09-01,-1.399612325294919
1882-10-01,-0.08611839416856344
1882-11-01,0.20838692101518133
1882-12-01,0.9799505406411829
1883-01-01,0.5672735723730296
1883-02-01,0.8422249450637753
1883-03-01,-1.9072505139349285
1883-04-01,1.2882559790594348
1883-05-01,1.6574857285857423
1883-06-01,0.7309286714777298
1883-07-01,-0.9592720369700395
1883-08-01,0.4204921142612824
1883-09-01,-0.7813096916305221
1883-10-01,0.587851647151703
1883-11-01,0.44209187916302406
1883-12-01,-1.379480937628068
1884-01-01,-1.047592801535312
1884-02-01,-0.2595228028394927
1884-03-01,1.2039822700539784
1884-04-01,-0.8755332237153851
1884-05-01,0.42400797708010823
1884-06-01,1.303671287187846
1884-07-01,-0.2091303966851987
1884-08-01,-0.1918750424301266
1884-09-01,-0.6688910309642971
1884-10-01,0.5316874770417287
1884-11-01,-0.14217051620661594
1884-12-01,-1.143537789801143
1885-01-01,-1.3788474423370531
1885-02-01,0.25462614618202406
1885-03-01,0.8150781720553375
1885-04-01,0.2063613776719907
1885-05-01,-0.11563853920354637
1885-06-01,-1.0691195493257053
1885-07-01,-0.4137144803992885
1885-08-01,-0.620532052114092
1885-09-01,-0.38784437929863896
1885-10-01,-1.4902226469191984
1885-11-01,-1.427547786019784
1885-12-01,0.5080642449873328
1886-01-01,-0.012422049029958792
1886-02-01,0.25462614618202406
1886-03-01,0.6206261230560446
1886-04-01,0.5669929114678054
1886-05-01,0.8865621338947319
1886-06-01,0.8945694188234373
1886-07-01,0.8819847164563808
1886-08-01,1.5839897119747437
1886-09-01,1.2422262003622297
1886-10-01,1.3741500286921098
1886-11-01,0.9095017954587759
1886-12-01,1.3574595771642952
1887-01-01,1.1055623636757943
1887-02-01,0.9891246447842027
1887-03-01,1.2525952823037603
1887-04-01,0.9276244452636202
1887-05-01,-0.11563853920354637
1887-06-01,0.8945694188234373
1887-07-01,0.6092059381710053
1887-08-01,0.7266756926068825
1887-09-01,0.4552955756983356
1887-10-01,0.587851647151703
1887-11-01,-0.4927279534283468
1887-12-01,0.5080642449873328
1888-01-01,-0.21945619953102943
1888-02-01,-0.03917325325883074
1888-03-01,-0.6919252076892237
1888-04-01,-1.4765857800417204
1888-05-01,-0.6552850554872887
1888-06-01,-1.2327602966715059
1888-07-01,-1.641218982683517
1888-08-01,-0.5592953364449441
1888-09-01,-0.8937283522968109
1888-10-01,-1.2094017963690713
1888-11-01,-1.135416588334964
1888-12-01,-0.19976519849344251
1889-01-01,-2.2069840443413358
1889-02-01,-0.0024483283287134536
1889-03-01,-2.1017025629342214
1889-04-01,0.2063613776719907
1889-05-01,0.11563853920372166
1889-06-01,2.612797265953972
1889-07-01,0.2682324653142666
1889-08-01,0.48172882993036065
1889-09-01,1.0173888790297159
1889-10-01,0.5316874770417287
1889-11-01,2.0196003466610786
1889-12-01,2.0652890206450705
1890-01-01,1.85088530547963
1890-02-01,0.9891246447842027
1890-03-01,1.6414993803024012
1890-04-01,0.747308678365747
1890-05-01,0.655285055487464
1890-06-01,0.9763897924963377
1890-07-01,-0.14093570211383544
1890-08-01,-0.00816489542275262
1890-09-01,0.8487608880302826
1890-10-01,0.47552330693169054
1890-11-01,0.20838692101518133
1890-12-01,0.08336657889887834
1891-01-01,1.3954101743773122
1891-02-01,-0.14934802804914085
1891-03-01,-0.4974731586899861
1891-04-01,0.5669929114678054
1891-05-01,0.26982325814187114
1891-06-01,0.2400064294404208
1891-07-01,-0.5501038695419375
1891-08-01,-0.5592953364448745
1891-09-01,-1.0061470129630359
1891-10-01,0.19470245638156355
1891-11-01,-0.4343017138914359
1891-12-01,-0.3885197167549718
1892-01-01,0.27742576167151184
1892-02-01,-0.6634969770706993
1892-03-01,1.3498213068034344
1892-04-01,0.747308678365747
1892-05-01,1.2720239312403248
1892-06-01,2.367336144935364
1892-07-01,0.8819847164563033
1892-08-01,0.8491491239451087
1892-09-01,0.5677142363646245
1892-10-01,0.9248366678118682
1892-11-01,-0.08374427666963866
1892-12-01,0.3664983562911455
1893-01-01,1.0227487034753473
1893-02-01,0.7320501702734235
1893-03-01,0.2317220250574589
1893-04-01,0.32657188893728506
1893-05-01,-0.038546179734515455
1893-06-01,1.4673120345336466
1893-07-01,1.5639316621697807
1893-08-01,1.0328592709525521
1893-09-01,0.51150490603148
1893-10-01,0.8686724977018939
1893-11-01,0.20838692101524775
1893-12-01,0.17774383802966984
1894-01-01,1.5610374947781591
1894-02-01,0.9156747949239682
1894-03-01,0.8636911843051746
1894-04-01,0.0260456107741175
1894-05-01,-0.19273089867266494
1894-06-01,0.2400064294404208
1894-07-01,-0.14093570211383544
1894-08-01,-0.25311175809927444
1894-09-01,-0.16300705796612522
1894-10-01,0.3070307966016399
1894-11-01,0.6173705977739559
1894-12-01,0.03617794933348259
1895-01-01,0.525866742272806
1895-02-01,0.36480092097233413
1895-03-01,0.3289480495570777
1895-04-01,-0.27448066738905
1895-05-01,-0.5011003365491392
1895-06-01,-0.08727506525108748
1895-07-01,0.06364838160017679
1895-08-01,-0.3143484737683527
1895-09-01,-0.38784437929857507
1895-10-01,-0.36693924471869044
1895-11-01,-0.7848591511131667
1895-12-01,-0.29414245762418034
1896-01-01,0.15320527137084122
1896-02-01,0.5117006206928033
1896-03-01,-0.20579508519096387
1896-04-01,-0.3946911786543444
1896-05-01,-3.816071793720361
1896-06-01,-2.7055270227833397
1896-07-01,-2.050387150111619
1896-08-01,-1.8452663654967012
1896-09-01,-1.793077637626866
1896-10-01,-1.602550987139211
1896-11-01,-1.0769903487979868
1896-12-01,-1.2851036784972765
1897-01-01,-1.047592801535312
1897-02-01,-0.4431474274900374
1897-03-01,-1.1294423179376465
1897-04-01,-1.0558489906132584
1897-05-01,-1.3491162907091805
1897-06-01,0.4036471767862215
1897-07-01,-0.14093570211383544
1897-08-01,0.35925539859206496
1897-09-01,0.005620933033371954
1897-10-01,0.3070307966016399
1897-11-01,-0.7264329115762559
1897-12-01,0.9799505406411829
1898-01-01,0.6500872325734296
1898-02-01,0.6218753954831134
1898-03-01,2.079016490550824
1898-04-01,1.0478349565288463
1898-05-01,0.11563853920372166
1898-06-01,0.15818605576752048
1898-07-01,0.7455953273136543
1898-08-01,0.48172882993036065
1898-09-01,0.28666758469903014
1898-10-01,0.08237411616148722
1898-11-01,-0.2590229952805041
1898-12-01,-0.011010680231913157
1899-01-01,1.1883760238762415
1899-02-01,0.8422249450637753
1899-03-01,1.5928863680525642
1899-04-01,0.5669929114678054
1899-05-01,-0.424007977079933
1899-06-01,-0.6600176809612968
1899-07-01,-0.48190917497057423
1899-08-01,-0.6817687677831703
1899-09-01,-0.1630070579660613
1899-10-01,0.7001799873717793
1899-11-01,1.3769117117545278
1899-12-01,-0.24695382805883825
1900-01-01,-0.5921176704329472
1900-02-01,-0.36969757762984456
1900-03-01,-1.9072505139348732
1900-04-01,-1.1159542462459056
1900-05-01,-0.424007977079933
1900-06-01,3.0218991343183808
1900-07-01,1.1547634947417562
1900-08-01,1.0328592709525521
1900-09-01,-1.5682403162943523
1900-10-01,-1.4340584768091602
1900-11-01,-0.5511541929653241
1900-12-01,-0.48289697588576336
1901-01-01,0.028984781070217677
1901-02-01,0.3648009209723759
1901-03-01,1.2039822700539784
1901-04-01,0.5669929114678738
1901-05-01,0.2698232581419588
1901-06-01,2.3673361449352712
1901-07-01,1.6321263567411441
1901-08-01,1.2165694179599262
1901-09-01,-1.5120309859612078
1901-10-01,-1.8833718376894018
1901-11-01,-0.7848591511131667
1901-12-01,-0.15257656892804675
1902-01-01,1.5196306646779356
1902-02-01,-0.03917325325883074
1902-03-01,1.3984343190532713
1902-04-01,0.8074139339983258
1902-05-01,1.040746852832969
1902-06-01,0.6491082978048294
1902-07-01,0.2682324653142666
1902-08-01,-0.5592953364449441
1902-09-01,-1.680658976960641
1902-10-01,-0.5354317550488049
1902-11-01,-0.31744923481741494
1902-12-01,-0.24695382805883825
1903-01-01,-0.7577449908338413
1903-02-01,-0.6634969770706993
1903-03-01,1.9331774538013682
1903-04-01,1.5286770015899553
1903-05-01,1.0407468528328814
1903-06-01,0.3218268031133211
1903-07-01,0.7455953273136543
1903-08-01,0.2980186829229867
1903-09-01,0.7925515576971383
1903-10-01,0.5316874770416649
1903-11-01,0.09153444194129319
1903-12-01,1.499025465860429
1904-01-01,1.2711896840766885
1904-02-01,1.3930988190154094
1904-03-01,1.2039822700539233
1904-04-01,2.550466347344752
1904-05-01,1.1949315717712061
1904-06-01,-0.33273618626978846
1904-07-01,-0.8228826478273905
1904-08-01,0.35925539859206496
1904-09-01,0.0056209330333080515
1904-10-01,0.25086662649160174
1904-11-01,-1.5444002650937385
1904-12-01,0.27212109716040767
1905-01-01,-0.7577449908338413
1905-02-01,-1.177645926092216
1905-03-01,-2.3447676241832958
1905-04-01,-2.859006659592264
1905-05-01,-3.3535176369058246
1905-06-01,-2.787347396456147
1905-07-01,-2.118581844682905
1905-08-01,-0.4368219051066484
1905-09-01,-0.6688910309642333
1905-10-01,-0.36693924471869044
1905-11-01,-1.6028265046306494
1905-12-01,-1.1907264193665386
1906-01-01,-0.26086302963125296
1906-02-01,-0.4431474274900374
1906-03-01,-0.10856906069134507
1906-04-01,-0.39469117865427605
1906-05-01,0.42400797708010823
1906-06-01,-0.005454691578280173
1906-07-01,0.8137900218850176
1906-08-01,1.7676998589821873
1906-09-01,1.6919008430272573
1906-10-01,0.9810008379219702
1906-11-01,1.9027478675871239
1906-12-01,0.4608756154219907
1907-01-01,0.4844599121725825
1907-02-01,0.25462614618202406
1907-03-01,0.3289480495570777
1907-04-01,0.5669929114678738
1907-05-01,1.272023931240237
1907-06-01,1.2218509135150386
1907-07-01,-0.3455197858279252
1907-08-01,-0.49805862077579627
1907-09-01,0.0056209330333080515
1907-10-01,0.19470245638156355
1907-11-01,-0.20059675574352678
1907-12-01,0.8383846519450494
1908-01-01,-0.8819654811344649
1908-02-01,0.7320501702734653
1908-03-01,0.37756106180691473
1908-04-01,1.468571745957308
1908-05-01,0.1927308986728402
1908-06-01,0.15818605576752048
1908-07-01,0.3364271598856298
1908-08-01,0.7879124082760304
1908-09-01,1.6356915126941767
1908-10-01,0.8686724977018301
1908-11-01,0.20838692101518133
1908-12-01,-0.48289697588576336
1909-01-01,-0.17804936943080588
1909-02-01,-0.11262310311902356
1909-03-01,0.32894804955713297
1909-04-01,-0.815427968082738
1909-05-01,0.5011003365492268
1909-06-01,2.6946176396268724
1909-07-01,1.2229581893130421
1909-08-01,1.2165694179599957
1909-09-01,0.06183026336645247
1909-10-01,0.5316874770417287
1909-11-01,0.7926493163848213
1909-12-01,0.4608756154219907
1910-01-01,0.525866742272806
1910-02-01,1.3196489691551747
1910-03-01,1.4956603435529454
1910-04-01,0.6270981671004526
1910-05-01,0.3469156176109897
1910-06-01,2.612797265953972
1910-07-01,2.245878607883336
1910-08-01,1.2165694179599957
1910-09-01,1.410854191361599
1910-10-01,1.0933291781419827
1910-11-01,1.7274691489762586
1910-12-01,1.499025465860429
1911-01-01,0.3188325917717354
1911-02-01,0.2546261461820658
1911-03-01,0.6692391353058816
1911-04-01,0.38667714456993224
1911-05-01,-0.5011003365490515
1911-06-01,-0.8236584283070043
1911-07-01,-1.232050815255415
1911-08-01,-0.8654789147906139
1911-09-01,-0.8375190219636666
1911-10-01,-0.9285809458189445
1911-11-01,-0.6680066720392122
1911-12-01,-0.105387939362651
1912-01-01,-0.7991518209340649
1912-02-01,-1.2143708510223334
1912-03-01,-0.44886014644014904
1912-04-01,-1.2962700131438472
1912-05-01,-0.9636544933636753
1912-06-01,-0.2509158125968881
1912-07-01,0.06364838160017679
1912-08-01,-0.4368219051066484
1912-09-01,-0.38784437929863896
1912-10-01,-0.5915959251588431
1912-11-01,0.20838692101524775
1912-12-01,-0.7188401237126885
1913-01-01,-0.26086302963130004
1913-02-01,-0.2595228028394927
1913-03-01,0.4747870863065888
1913-04-01,-0.21437541175640287
1913-05-01,-0.5011003365490515
1913-06-01,-0.005454691578280173
1913-07-01,-0.07274100754247219
1913-08-01,-0.4368219051066484
1913-09-01,-0.8937283522968109
1913-10-01,-0.7039242653788556
1913-11-01,-1.0769903487980532
1913-12-01,-0.6244628645818969
1914-01-01,-0.42649035003214714
1914-02-01,0.2913510711121413
1914-03-01,1.2039822700539784
1914-04-01,-0.815427968082738
1914-05-01,0.26982325814187114
1914-06-01,-1.3145806703443133
1914-07-01,-1.7776083718262434
1914-08-01,-1.3553726401436574
1914-09-01,-1.1747750039624691
1914-10-01,-0.6477600952688174
1914-11-01,-1.0769903487979868
1914-12-01,-0.105387939362651
1915-01-01,-1.834322573439418
1915-02-01,-0.03917325325883074
1915-03-01,-1.4697334036864504
1915-04-01,-1.0558489906133266
1915-05-01,-0.8865621338945567
1915-06-01,1.058210166169238
1915-07-01,1.5639316621698582
1915-08-01,0.9716225552834044
1915-09-01,0.6801328970309133
1915-10-01,0.36319496671167806
1915-11-01,-1.3106953069458294
1915-12-01,0.9327619110757872
1916-01-01,0.525866742272806
1916-02-01,-0.1493480280491826
1916-03-01,-0.20579508519101913
1916-04-01,0.20636137767205903
1916-05-01,0.9636544933638506
1916-06-01,1.303671287187846
1916-07-01,2.791436164454087
1916-08-01,1.8289365746512656
1916-09-01,0.3990862453652551
1916-10-01,0.7001799873717793
1916-11-01,0.851075555921865
1916-12-01,1.4518368362950331
1917-01-01,0.4844599121725825
1917-02-01,0.9156747949240099
1917-03-01,1.9817904660512051
1917-04-01,1.8292032797531228
1917-05-01,2.4284093232767527
1917-06-01,2.5309768922810716
1917-07-01,3.06421494273954
1917-08-01,3.6048013290562055
1917-09-01,2.7598781193567454
1917-10-01,1.5426425390222243
1917-11-01,1.844321628050213
1917-12-01,2.112477650210413
1918-01-01,1.312596514176865
1918-02-01,1.4298237439455266
1918-03-01,0.18310901280762185
1918-04-01,1.468571745957308
1918-05-01,1.2720239312403248
1918-06-01,-0.08727506525108748
1918-07-01,-1.368440204398064
1918-08-01,-0.13063832676097872
1918-09-01,-0.7813096916305221
1918-10-01,-0.3107750746087161
1918-11-01,0.09153444194129319
1918-12-01,-0.7188401237126885
1919-01-01,-1.2546269520364297
1919-02-01,-0.7369468269308922
1919-03-01,-0.7891512321888977
1919-04-01,0.0260456107741175
1919-05-01,-0.424007977079933
1919-06-01,-0.6600176809612968
1919-07-01,-0.8228826478273905
1919-08-01,-0.3755851894375006
1919-09-01,-0.5564723702980083
1919-10-01,-0.816252605598932
1919-11-01,-1.0185641092610094
1919-12-01,-0.8132173828434799
1920-01-01,0.19461210147106478
1920-02-01,-0.0024483283287134536
1920-03-01,-0.011343036191671011
1920-04-01,0.2664666333047062
1920-05-01,0.038546179734690746
1920-06-01,1.058210166169238
1920-07-01,1.086568800170393
1920-08-01,0.7879124082760304
1920-09-01,0.4552955756983356
1920-10-01,-0.25461090449867796
1920-11-01,-0.025318037132661373
1920-12-01,0.9327619110757872
1921-01-01,0.9813418733751238
1921-02-01,0.6586003204132307
1921-03-01,1.1553692578041415
1921-04-01,-0.27448066738905
1921-05-01,0.5011003365492268
1921-06-01,2.612797265953972
1921-07-01,0.40462185445691556
1921-08-01,-0.3755851894375702
1921-09-01,0.4552955756983995
1921-10-01,1.0371650080319446
1921-11-01,0.7342230768479104
1921-12-01,0.7911960223796536
1922-01-01,0.7329008927738767
1922-02-01,0.8422249450637753
1922-03-01,0.8636911843051746
1922-04-01,-0.1542701561237557
1922-05-01,-0.19273089867266494
1922-06-01,0.9763897924963377
1922-07-01,0.3364271598855523
1922-08-01,0.17554525158469098
1922-09-01,0.4552955756983995
1922-10-01,0.7001799873717793
1922-11-01,0.7342230768479104
1922-12-01,1.1215164293373165
1923-01-01,0.525866742272806
1923-02-01,0.474975695762686
1923-03-01,1.1553692578041415
1923-04-01,0.867519189630973
1923-05-01,0.5011003365492268
1923-06-01,0.48546755045902873
1923-07-01,-1.0956614261126885
1923-08-01,-1.4778460714819532
1923-09-01,-1.399612325294983
1923-10-01,-0.4231034148287286
1923-11-01,-1.135416588334964
1923-12-01,0.22493246759501193
1924-01-01,-0.42649035003214714
1924-02-01,0.2179012212519485
1924-03-01,0.5720131108062075
1924-04-01,-0.8755332237153851
1924-05-01,1.4262086501784743
1924-06-01,1.2218509135149456
1924-07-01,0.8819847164563033
1924-08-01,1.2778061336291437
1924-09-01,0.7363422273640577
1924-10-01,0.8686724977018939
1924-11-01,1.026354274532664
1924-12-01,0.5080642449873328
1925-01-01,0.525866742272806
1925-02-01,1.2094741943648648
1925-03-01,1.690112392552183
1925-04-01,1.2882559790594348
1925-05-01,0.1927308986728402
1925-06-01,-0.08727506525118049
1925-07-01,-1.3002455098267782
1925-08-01,-0.7430054834523181
1925-09-01,-0.6126817006310888
1925-10-01,-1.0409092860390208
1925-11-01,-0.8432853906501441
1925-12-01,-0.6244628645818969
1926-01-01,-0.42649035003210006
1926-02-01,-0.9940213014416714
1926-03-01,-0.8377642444387348
1926-04-01,-0.27448066738905
1926-05-01,0.0385461797346031
1926-06-01,-0.3327361862696954
1926-07-01,-0.004546312971108935
1926-08-01,-0.4368219051066484
1926-09-01,0.11803959369959689
1926-10-01,0.5316874770417287
1926-11-01,0.09153444194129319
1926-12-01,0.6024415041181242
1927-01-01,0.4844599121725825
1927-02-01,0.2179012212519485
1927-03-01,1.9817904660512051
1927-04-01,0.747308678365747
1927-05-01,0.8865621338948196
1927-06-01,1.2218509135150386
1927-07-01,0.7455953273136543
1927-08-01,-0.1918750424301266
1927-09-01,-0.05058839729983637
1927-10-01,-0.25461090449867796
1927-11-01,-0.7264329115761895
1927-12-01,0.7440073928142579
1928-01-01,-0.8405586510342884
1928-02-01,0.9523997198541272
1928-03-01,1.5928863680525642
1928-04-01,1.1079402121614934
1928-05-01,0.038546179734690746
1928-06-01,-0.41455655994259577
1928-07-01,0.06364838160017679
1928-08-01,1.2165694179599262
1928-09-01,0.7363422273640577
1928-10-01,0.9810008379219064
1928-11-01,0.20838692101518133
1928-12-01,1.1215164293373703
1929-01-01,1.4368170044774886
1929-02-01,1.5399985187358367
1929-03-01,0.8150781720553375
1929-04-01,0.5669929114678054
1929-05-01,-0.8865621338945567
1929-06-01,0.48546755045902873
1929-07-01,0.2682324653142666
1929-08-01,0.29801868292291706
1929-09-01,-0.05058839729983637
1929-10-01,0.8686724977018939
1929-11-01,0.9679280349957532
1929-12-01,0.5552528745527285
1930-01-01,1.146969193775971
1930-02-01,0.7320501702734653
1930-03-01,0.5234000985563706
1930-04-01,-0.03405964485852968
1930-05-01,0.5011003365492268
1930-06-01,-0.1690954389239878
1930-07-01,-0.3455197858279252
1930-08-01,0.1143085359155431
1930-09-01,-0.6688910309642971
1930-10-01,0.47552330693169054
1930-11-01,0.14996068147827046
1930-12-01,-0.105387939362651
1931-01-01,0.6500872325734296
1931-02-01,-1.0307462263717886
1931-03-01,0.8636911843051746
1931-04-01,0.867519189630973
1931-05-01,1.5803933691166236
1931-06-01,2.285515771262464
1931-07-01,1.086568800170393
1931-08-01,0.2980186829229867
1931-09-01,0.4552955756983356
1931-10-01,-1.0409092860390208
1931-11-01,-0.4343017138913695
1931-12-01,0.4608756154219907
1932-01-01,0.19461210147111185
1932-02-01,-0.1493480280491826
1932-03-01,0.13449600055778482
1932-04-01,0.08615086640669635
1932-05-01,0.5781926960183453
1932-06-01,-0.08727506525108748
1932-07-01,-0.41371448039921094
1932-08-01,-0.3755851894375006
1932-09-01,-0.8375190219636666
1932-10-01,-0.25461090449867796
1932-11-01,-0.4343017138914359
1932-12-01,0.31930972672580343
1933-01-01,-0.9233723112346884
1933-02-01,0.5117006206928033
1933-03-01,0.18310901280762185
1933-04-01,0.5068876558351583
1933-05-01,0.8865621338947319
1933-06-01,-0.005454691578187154
1933-07-01,0.4728165490282788
1933-08-01,0.2367819672537692
1933-09-01,0.1742489240327413
1933-10-01,0.47552330693169054
1933-11-01,0.6173705977739559
1933-12-01,0.7911960223796536
1934-01-01,0.6086804024732532
1934-02-01,0.14445137139171393
1934-03-01,0.37756106180691473
1934-04-01,0.6872034227330998
1934-05-01,-0.424007977079933
1934-06-01,1.4673120345336466
1934-07-01,0.40462185445691556
1934-08-01,-1.8452663654967012
1934-09-01,-0.6126817006311528
1934-10-01,0.5316874770417287
1934-11-01,1.1432067536066186
1934-12-01,-0.19976519849344251
1935-01-01,0.6086804024732532
1935-02-01,-0.2227978779093754
1935-03-01,1.4470473313030532
1935-04-01,0.4467824002025794
1935-05-01,-0.34691561761090206
1935-06-01,0.15818605576752048
1935-07-01,0.06364838160017679
1935-08-01,0.48172882993036065
1935-09-01,0.5677142363646883
1935-10-01,0.8125083275918558
1935-11-01,0.3252394000891359
1935-12-01,-0.34133108718962973
1936-01-01,-0.13664253933062942
1936-02-01,0.18117629632183122
1936-03-01,0.5234000985563706
1936-04-01,1.88930853538577
1936-05-01,0.7323774149564949
1936-06-01,0.2400064294404208
1936-07-01,0.541011243599642
1936-08-01,-0.5592953364449441
1936-09-01,0.23045825436582182
1936-10-01,0.13853828627158923
1936-11-01,-1.2522690674089185
1936-12-01,0.08336657889887834
1937-01-01,0.8571213830745003
1937-02-01,-0.2595228028394927
1937-03-01,0.9123041965550116
1937-04-01,0.38667714456993224
1937-05-01,0.2698232581419588
1937-06-01,0.7309286714776367
1937-07-01,-0.48190917497057423
1937-08-01,0.6042022612686564
1937-09-01,0.06183026336645247
1937-10-01,-0.08611839416856344
1937-11-01,-0.20059675574352678
1937-12-01,0.6496301336835201
1938-01-01,0.6914940626736531
1938-02-01,0.4015258459024932
1938-03-01,0.037269976058110756
1938-04-01,0.5068876558351583
1938-05-01,1.5803933691167114
1938-06-01,2.2036953975895637
1938-07-01,2.0412945241693237
1938-08-01,1.5227529963056654
1938-09-01,0.6801328970309133
1938-10-01,1.3179858585820716
1938-11-01,0.14996068147827046
1938-12-01,1.3102709475988996
1939-01-01,1.5196306646779356
1939-02-01,0.7320501702734653
1939-03-01,1.3984343190532713
1939-04-01,0.9276244452636202
1939-05-01,0.1927308986728402
1939-06-01,0.2400064294404208
1939-07-01,0.9501794110277441
1939-08-01,0.23678196725383882
1939-09-01,-0.8937283522968109
1939-10-01,-1.2094017963690713
1939-11-01,-0.7264329115762559
1939-12-01,-0.7660287532780842
1940-01-01,0.02898478107026475
1940-02-01,-0.18607295297925813
1940-03-01,-0.5946991831896049
1940-04-01,-0.45479643428692323
1940-05-01,-1.1178392123019123
1940-06-01,-1.5600417913629212
1940-07-01,-1.504829593540868
1940-08-01,-1.4778460714819532
1940-09-01,-1.8492869679600743
1940-10-01,-1.5463868170292365
1940-11-01,-0.6095804325023013
1940-12-01,-2.700762565458827
1941-01-01,-0.7991518209340178
1941-02-01,-1.067471151301906
1941-03-01,-0.5946991831896049
1941-04-01,-0.5750069455522177
1941-05-01,-0.34691561761090206
1941-06-01,-1.0691195493257053
1941-07-01,-2.0503871501115416
1941-08-01,-1.5390827871510315
1941-09-01,-0.7813096916305221
1941-10-01,-1.7148793273592873
1941-11-01,-0.8432853906501441
1941-12-01,-0.7660287532780305
1942-01-01,-1.0889996316355355
1942-02-01,-0.14934802804914085
1942-03-01,-0.1571820729411821
1942-04-01,-0.1542701561237557
1942-05-01,0.809469774425701
1942-06-01,1.2218509135150386
1942-07-01,-0.004546312971186463
1942-08-01,0.6654389769377347
1942-09-01,0.7925515576971383
1942-10-01,0.9248366678118682
1942-11-01,-0.3758754743543922
1942-12-01,1.3102709475988459
1943-01-01,0.8571213830745473
1943-02-01,0.9523997198541272
1943-03-01,0.7178521475557187
1943-04-01,1.2281507234267877
1943-05-01,0.5781926960183453
1943-06-01,-0.41455655994268875
1943-07-01,0.40462185445691556
1943-08-01,1.0328592709525521
1943-09-01,0.51150490603148
1943-10-01,0.9810008379219064
1943-11-01,0.3252394000891359
1943-12-01,-0.7660287532780842
1944-01-01,-0.6749313306334414
1944-02-01,0.4382507708325687
1944-03-01,0.8636911843051746
1944-04-01,-0.15427015612382403
1944-05-01,0.1927308986728402
1944-06-01,-0.005454691578280173
1944-07-01,-0.8228826478273129
1944-08-01,0.6042022612686564
1944-09-01,0.23045825436588574
1944-10-01,-0.6477600952688174
1944-11-01,-0.6095804325023013
1944-12-01,0.4136869858565949
1945-01-01,0.4844599121725825
1945-02-01,0.6218753954831134
1945-03-01,1.5442733558027824
1945-04-01,-0.27448066738905
1945-05-01,0.2698232581419588
1945-06-01,1.2218509135150386
1945-07-01,0.4728165490282788
1945-08-01,1.4002795649673698
1945-09-01,0.7925515576972021
1945-10-01,0.3631949667116142
1945-11-01,-0.31744923481741494
1945-12-01,0.6496301336834663
1946-01-01,-0.17804936943080588
1946-02-01,0.474975695762686
1946-03-01,0.18310901280762185
1946-04-01,-0.45479643428692323
1946-05-01,-0.8094697744255258
1946-06-01,-0.5781973072883964
1946-07-01,-0.959272036969962
1946-08-01,-0.13063832676097872
1946-09-01,-1.5120309859612717
1946-10-01,-0.9847451159289188
1946-11-01,-0.14217051620661594
1946-12-01,-0.4828969758857097
1947-01-01,-0.3850835199319236
1947-02-01,-0.18607295297925813
1947-03-01,1.3984343190532713
1947-04-01,-0.09416490049117686
1947-05-01,-1.040746852832794
1947-06-01,0.6491082978048294
1947-07-01,1.086568800170393
1947-08-01,0.9716225552834044
1947-09-01,1.0735982093627965
1947-10-01,-0.029954224058525266
1947-11-01,0.7926493163848213
1947-12-01,0.5080642449873328
1948-01-01,-0.21945619953102943
1948-02-01,-0.07589817818894802
1948-03-01,-0.011343036191726278
1948-04-01,0.4467824002025794
1948-05-01,0.655285055487464
1948-06-01,-0.08727506525118049
1948-07-01,0.2000377707429033
1948-08-01,-0.13063832676097872
1948-09-01,-0.7251003612974416
1948-10-01,0.7001799873717793
1948-11-01,0.38366563962611316
1948-12-01,-0.48289697588576336
1949-01-01,-0.5921176704329472
1949-02-01,0.2913510711121413
1949-03-01,0.8636911843051746
1949-04-01,0.32657188893728506
1949-05-01,-0.2698232581417835
1949-06-01,-0.8236584283070043
1949-07-01,-0.07274100754247219
1949-08-01,-0.13063832676097872
1949-09-01,0.1742489240327413
1949-10-01,0.644015817261805
1949-11-01,-0.5511541929653241
1949-12-01,0.7440073928142579
1950-01-01,0.4844599121725825
1950-02-01,1.5032735938057613
1950-03-01,1.9331774538013682
1950-04-01,1.468571745957308
1950-05-01,1.040746852832969
1950-06-01,3.103719507991281
1950-07-01,2.3140733024546214
1950-08-01,1.4615162806365176
1950-09-01,0.6239235666977688
1950-10-01,1.7111350493522748
1950-11-01,1.0847805140696414
1950-12-01,2.1596662797758084
1951-01-01,1.4782238345777592
1951-02-01,0.8789498699938927
1951-03-01,0.2317220250574589
1951-04-01,0.14625612203941185
1951-05-01,-0.3469156176108144
1951-06-01,0.8945694188234373
1951-07-01,-0.7546879532559497
1951-08-01,0.2367819672537692
1951-09-01,-0.6688910309642333
1951-10-01,-0.5915959251587792
1951-11-01,-0.31744923481748133
1951-12-01,-0.24695382805883825
1952-01-01,-0.7577449908338413
1952-02-01,-0.4798723524201547
1952-03-01,0.37756106180691473
1952-04-01,-0.39469117865427605
1952-05-01,0.8865621338948196
1952-06-01,1.1400305398421384
1952-07-01,0.4728165490282788
1952-08-01,-0.06940161109183086
1952-09-01,-0.33163504896549456
1952-10-01,0.3070307966016399
1952-11-01,-0.08374427666963866
1952-12-01,-1.143537789801143
1953-01-01,0.2360189315712883
1953-02-01,-0.3329726526996855
1953-03-01,-0.1571820729411821
1953-04-01,0.20636137767205903
1953-05-01,-2.8138711206220823
1953-06-01,0.15818605576752048
1953-07-01,-0.004546312971108935
1953-08-01,-1.3553726401436574
1953-09-01,-1.2309843342956135
1953-10-01,0.13853828627158923
1953-11-01,-0.20059675574352678
1953-12-01,-0.34133108718962973
1954-01-01,0.5672735723730296
1954-02-01,-0.14934802804914085
1954-03-01,0.28033503730724063
1954-04-01,0.7473086783656786
1954-05-01,0.7323774149564949
1954-06-01,0.2400064294404208
1954-07-01,0.541011243599642
1954-08-01,1.2778061336291437
1954-09-01,0.3990862453652551
1954-10-01,0.30703079660157606
1954-11-01,0.3252394000891359
1954-12-01,1.215893688468108
1955-01-01,-0.42649035003210006
1955-02-01,1.3196489691551747
1955-03-01,0.6206261230560446
1955-04-01,0.0260456107741175
1955-05-01,1.5803933691167114
1955-06-01,2.0400546502438557
1955-07-01,2.109489218740609
1955-08-01,1.7064631433130395
1955-09-01,1.298435530695374
1955-10-01,1.5426425390222243
1955-11-01,1.318485472217484
1955-12-01,0.8855732815103915
1956-01-01,1.0227487034753944
1956-02-01,1.099299419574513
1956-03-01,1.2039822700539784
1956-04-01,1.0478349565289145
1956-05-01,2.0429475259312473
1956-06-01,1.6309527818794471
1956-07-01,1.4275422730271319
1956-08-01,1.3390428492982218
1956-09-01,0.0056209330333080515
1956-10-01,1.8234633895722874
1956-11-01,0.14996068147820404
1956-12-01,0.9799505406411829
1957-01-01,0.525866742272806
1957-02-01,-0.03917325325883074
1957-03-01,0.2803350373072959
1957-04-01,0.32657188893728506
1957-05-01,-0.8865621338945567
1957-06-01,0.15818605576752048
1957-07-01,0.2000377707429033
1957-08-01,-0.6205320521140224
1957-09-01,-1.0061470129630359
1957-10-01,0.026209946051512903
1957-11-01,-1.0769903487979868
1957-12-01,-0.294142457624234
1958-01-01,-1.4202542724372769
1958-02-01,-0.4064225025599201
1958-03-01,0.2317220250574036
1958-04-01,0.32657188893728506
1958-05-01,-0.5011003365490515
1958-06-01,0.40364717678612844
1958-07-01,0.3364271598856298
1958-08-01,1.0328592709525521
1958-09-01,-0.33163504896549456
1958-10-01,-0.029954224058525266
1958-11-01,-0.4343017138914359
1958-12-01,-0.5772742350165012
1959-01-01,-0.7163381607336178
1959-02-01,-0.9572963765115958
1959-03-01,1.1067562455543045
1959-04-01,0.5068876558352265
1959-05-01,0.5781926960183453
1959-06-01,-0.25091581259679513
1959-07-01,-0.41371448039921094
1959-08-01,-0.1918750424301266
1959-09-01,0.0056209330333080515
1959-10-01,0.5316874770417287
1959-11-01,0.9679280349956867
1959-12-01,0.7911960223796536
1960-01-01,0.07039161117044122
1960-02-01,-0.03917325325883074
1960-03-01,0.8636911843051746
1960-04-01,0.8074139339983258
1960-05-01,0.8094697744256134
1960-06-01,0.15818605576752048
1960-07-01,0.6092059381710053
1960-08-01,0.9103858396143261
1960-09-01,0.6239235666977688
1960-10-01,0.08237411616148722
1960-11-01,0.6173705977739559
1960-12-01,0.6496301336834663
1961-01-01,-0.17804936943085295
1961-02-01,0.6218753954831134
1961-03-01,-1.5183464159362874
1961-04-01,0.9276244452636202
1961-05-01,0.42400797708010823
1961-06-01,0.07636568209471317
1961-07-01,0.3364271598855523
1961-08-01,0.29801868292291706
1961-09-01,0.06183026336645247
1961-10-01,-0.3107750746086523
1961-11-01,0.6173705977739559
1961-12-01,1.3102709475988459
1962-01-01,1.5196306646779356
1962-02-01,0.5484255456228788
1962-03-01,0.2317220250574589
1962-04-01,0.32657188893728506
1962-05-01,1.5033010096475052
1962-06-01,0.8945694188234373
1962-07-01,0.06364838160025432
1962-08-01,0.7266756926068825
1962-09-01,0.4552955756983356
1962-10-01,1.0933291781419827
1962-11-01,0.44209187916302406
1962-12-01,0.08336657889887834
1963-01-01,0.8571213830745473
1963-02-01,0.3648009209723759
1963-03-01,1.0095302210546304
1963-04-01,0.6872034227330998
1963-05-01,0.5781926960183453
1963-06-01,-0.5781973072883964
1963-07-01,-0.004546312971186463
1963-08-01,0.05307182024646486
1963-09-01,-0.5002630399648639
1963-10-01,-1.0409092860390208
1963-11-01,-0.8432853906501441
1963-12-01,-1.049160530670405
1964-01-01,-0.3022698597314765
1964-02-01,0.10772644646159665
1964-03-01,1.1067562455543045
1964-04-01,1.2281507234267877
1964-05-01,0.5781926960183453
1964-06-01,1.1400305398421384
1964-07-01,0.8137900218850176
1964-08-01,1.6452264276438917
1964-09-01,1.298435530695374
1964-10-01,1.3179858585820716
1964-11-01,0.20838692101524775
1964-12-01,-0.24695382805883825
1965-01-01,-0.3022698597314765
1965-02-01,0.25462614618202406
1965-03-01,0.6206261230560446
1965-04-01,-0.6952174568174436
1965-05-01,0.2698232581419588
1965-06-01,-0.9054788019799047
1965-07-01,-2.254971233825631
1965-08-01,-0.804242199121466
1965-09-01,-1.3434029949618385
1965-10-01,-0.8724167757089063
1965-11-01,-1.6028265046306494
1965-12-01,0.17774383802961619
1966-01-01,-1.0061859714351356
1966-02-01,-0.18607295297929988
1966-03-01,-0.8863772566885718
1966-04-01,-0.27448066738905
1966-05-01,-0.5781926960181701
1966-06-01,0.48546755045912177
1966-07-01,-0.004546312971108935
1966-08-01,0.6654389769377347
1966-09-01,-0.21921638829920573
1966-10-01,-0.08611839416856344
1966-11-01,-0.025318037132661373
1966-12-01,-0.34133108718962973
1967-01-01,1.312596514176865
1967-02-01,1.13602434450463
1967-03-01,1.0581432333044674
1967-04-01,0.0260456107741175
1967-05-01,-0.038546179734515455
1967-06-01,1.058210166169238
1967-07-01,0.2682324653142666
1967-08-01,0.8491491239451783
1967-09-01,0.4552955756983995
1967-10-01,0.13853828627158923
1967-11-01,-0.3758754743543922
1967-12-01,-0.4828969758857097
1968-01-01,0.4016462519721354
1968-02-01,0.8789498699938927
1968-03-01,0.08588298830794779
1968-04-01,0.0260456107741175
1968-05-01,1.734578088054861
1968-06-01,1.6309527818793543
1968-07-01,0.8819847164563033
1968-08-01,0.29801868292291706
1968-09-01,-0.27542571863235016
1968-10-01,-0.029954224058525266
1968-11-01,-0.31744923481741494
1968-12-01,0.22493246759501193
1969-01-01,-1.130406461735759
1969-02-01,-0.4064225025599201
1969-03-01,0.5234000985564258
1969-04-01,-0.39469117865427605
1969-05-01,-0.34691561761090206
1969-06-01,0.3218268031132281
1969-07-01,-0.6182985641133008
1969-08-01,-0.13063832676097872
1969-09-01,-1.0061470129630359
1969-10-01,-0.9285809458189445
1969-11-01,-0.025318037132661373
1969-12-01,0.3664983562911992
1970-01-01,-0.8405586510342884
1970-02-01,-0.7002219020008166
1970-03-01,0.5234000985563706
1970-04-01,-0.09416490049117686
1970-05-01,0.5011003365492268
1970-06-01,1.3854916608607464
1970-07-01,-0.48190917497057423
1970-08-01,0.6654389769377347
1970-09-01,1.1860168700290852
1970-10-01,1.0933291781419188
1970-11-01,1.7274691489762586
1970-12-01,1.6405913545566162
1971-01-01,0.27742576167151184
1971-02-01,1.356373894085292
1971-03-01,2.079016490550824
1971-04-01,1.88930853538577
1971-05-01,1.1949315717712061
1971-06-01,0.6491082978048294
1971-07-01,0.2682324653142666
1971-08-01,1.7064631433130395
1971-09-01,1.4670635216947434
1971-10-01,1.7672992194622492
1971-11-01,0.6173705977739559
1971-12-01,0.22493246759506558
1972-01-01,0.36023942187195895
1972-02-01,0.7687750952035408
1972-03-01,0.5720131108062075
1972-04-01,-0.15427015612382403
1972-05-01,-1.2720239312400619
1972-06-01,-0.8236584283070043
1972-07-01,-1.8458030663975293
1972-08-01,-0.5592953364448745
1972-09-01,-1.399612325294983
1972-10-01,-0.8724167757089063
1972-11-01,-0.31744923481741494
1972-12-01,-1.0963491602357471
1973-01-01,-0.21945619953102943
1973-02-01,-0.9205714515814368
1973-03-01,0.42617407405675173
1973-04-01,0.08615086640676467
1973-05-01,0.5781926960183453
1973-06-01,1.6309527818794471
1973-07-01,0.7455953273136543
1973-08-01,1.4615162806365176
1973-09-01,1.2422262003622297
1973-10-01,1.0371650080319446
1973-11-01,2.7791414606416502
1973-12-01,1.5934027249911669
1974-01-01,1.85088530547963
1974-02-01,1.3930988190154094
1974-03-01,2.176242515050498
1974-04-01,1.0478349565289145
1974-05-01,1.3491162907093557
1974-06-01,0.6491082978048294
1974-07-01,1.3593475784557685
1974-08-01,0.9103858396142565
1974-09-01,1.1298075396959408
1974-10-01,0.9248366678118682
1974-11-01,-0.14217051620654952
1974-12-01,-0.058199309797308904
1975-01-01,-0.3850835199319236
1975-02-01,0.5484255456229206
1975-03-01,1.3984343190532713
1975-04-01,1.2882559790594348
1975-05-01,0.8865621338947319
1975-06-01,1.9582342765709555
1975-07-01,2.314073302454699
1975-08-01,2.2575935843353006
1975-09-01,2.085366155359204
1975-10-01,1.767299219462313
1975-11-01,1.2016329931435958
1975-12-01,1.8293458728180918
1976-01-01,1.0641555335755708
1976-02-01,1.1360243445046718
1976-03-01,1.5442733558027273
1976-04-01,0.32657188893728506
1976-05-01,0.5011003365492268
1976-06-01,0.4036471767862215
1976-07-01,-1.232050815255415
1976-08-01,-0.8654789147906139
1976-09-01,-1.2309843342955498
1976-10-01,0.4193591368216524
1976-11-01,0.8510755559217986
1976-12-01,-0.24695382805883825
1977-01-01,-0.3022698597314765
1977-02-01,0.7320501702734235
1977-03-01,-0.4974731586899861
1977-04-01,-0.45479643428692323
1977-05-01,-0.8094697744254381
1977-06-01,-1.3964010440172137
1977-07-01,-1.4366348989695048
1977-08-01,-0.8654789147906139
1977-09-01,-0.8937283522968109
1977-10-01,-1.0409092860389568
1977-11-01,-1.3106953069458294
1977-12-01,-0.9547832715396135
1978-01-01,-0.2194561995310765
1978-02-01,-1.7652447249739256
1978-03-01,-0.1571820729411821
1978-04-01,-0.3345859230216972
1978-05-01,1.888762806993098
1978-06-01,0.9763897924963377
1978-07-01,0.7455953273136543
1978-08-01,0.4204921142612128
1978-09-01,0.06183026336645247
1978-10-01,-0.42310341482866476
1978-11-01,-0.20059675574352678
1978-12-01,-0.05819930979725526
1979-01-01,-0.3022698597314765
1979-02-01,0.6586003204132307
1979-03-01,0.08588298830794779
1979-04-01,-0.15427015612382403
1979-05-01,0.6552850554873763
1979-06-01,0.9763897924963377
1979-07-01,-0.7546879532560272
1979-08-01,-0.19187504243005699
1979-09-01,0.11803959369953299
1979-10-01,-0.08611839416856344
1979-11-01,-0.4343017138914359
1979-12-01,-0.6716514941472926
1980-01-01,0.3188325917717354
1980-02-01,0.2179012212519485
1980-03-01,-0.400247134190312
1980-04-01,-0.6952174568175119
1980-05-01,-0.03854617973442782
1980-06-01,-0.08727506525108748
1980-07-01,-0.07274100754254972
1980-08-01,0.4204921142612128
1980-09-01,-0.5002630399648639
1980-10-01,-0.029954224058589118
1980-11-01,-0.31744923481748133
1980-12-01,-0.05819930979725526
1981-01-01,0.27742576167151184
1981-02-01,-0.11262310311906532
1981-03-01,-1.1294423179377018
1981-04-01,-0.1542701561237557
1981-05-01,1.040746852832969
1981-06-01,1.549132408206547
1981-07-01,1.086568800170393
1981-08-01,0.8491491239451783
1981-09-01,0.6801328970308493
1981-10-01,-0.3107750746086523
1981-11-01,0.20838692101524775
1981-12-01,0.46087561542193706
1982-01-01,0.8571213830745003
1982-02-01,0.18117629632183122
1982-03-01,0.5720131108062075
1982-04-01,-0.03405964485852968
1982-05-01,-0.5011003365490515
1982-06-01,-1.6418621650358216
1982-07-01,-1.9139977609688925
1982-08-01,-1.967739796834997
1982-09-01,-2.0179149589593797
1982-10-01,-1.7148793273592873
1982-11-01,-2.7713512953699957
1982-12-01,-1.945744492412656
1983-01-01,-2.621052345343477
1983-02-01,-2.4630182986460287
1983-03-01,-2.150315575184058
1983-04-01,-0.9957437349806795
1983-05-01,0.8865621338947319
1983-06-01,0.07636568209471317
1983-07-01,-0.6864932586845864
1983-08-01,0.29801868292291706
1983-09-01,0.9049702183634271
1983-10-01,0.5316874770417287
1983-11-01,-0.08374427666963866
1983-12-01,0.03617794933348259
1984-01-01,0.15320527137084122
1984-02-01,0.5851504705530378
1984-03-01,-0.1571820729411821
1984-04-01,0.38667714456993224
1984-05-01,0.2698232581419588
1984-06-01,-0.4963769336155891
1984-07-01,0.3364271598855523
1984-08-01,0.5429655455995085
1984-09-01,0.17424892403267742
1984-10-01,-0.3107750746086523
1984-11-01,0.3252394000891359
1984-12-01,-0.10538793936270466
1985-01-01,-0.26086302963130004
1985-02-01,0.6586003204132307
1985-03-01,0.18310901280762185
1985-04-01,1.2882559790594348
1985-05-01,0.5781926960183453
1985-06-01,-0.5781973072883964
1985-07-01,-0.14093570211383544
1985-08-01,1.0940959866217002
1985-09-01,0.0056209330333080515
1985-10-01,-0.36693924471869044
1985-11-01,-0.14217051620654952
1985-12-01,0.22493246759501193
1986-01-01,0.7329008927738296
1986-02-01,-0.7002219020007748
1986-03-01,0.42617407405675173
1986-04-01,0.32657188893728506
1986-05-01,-0.34691561761090206
1986-06-01,1.4673120345336466
1986-07-01,0.3364271598856298
1986-08-01,-0.4368219051066484
1986-09-01,-0.5002630399648639
1986-10-01,0.7001799873717793
1986-11-01,-1.2522690674088521
1986-12-01,-1.2379150489319344
1987-01-01,-0.5093040102325471
1987-02-01,-0.8471216017212441
1987-03-01,-1.1294423179377018
1987-04-01,-1.5366910356743675
1987-05-01,-1.8116704475238041
1987-06-01,-1.6418621650359146
1987-07-01,-1.8458030663975293
1987-08-01,-1.0491890617979878
1987-09-01,-1.0623563432961802
1987-10-01,-0.36693924471869044
1987-11-01,-0.14217051620654952
1987-12-01,-0.3885197167549718
1988-01-01,-0.05382887913018233
1988-02-01,-0.2595228028394927
1988-03-01,0.5720131108062628
1988-04-01,0.14625612203934352
1988-05-01,1.2720239312403248
1988-06-01,-0.005454691578187154
1988-07-01,1.2911528838844828
1988-08-01,1.7064631433130395
1988-09-01,1.8605288340266266
1988-10-01,1.4864783689121221
1988-11-01,1.844321628050213
1988-12-01,1.0271391702065786
1989-01-01,1.1883760238762415
1989-02-01,0.8422249450637753
1989-03-01,0.9609172088048485
1989-04-01,1.7690980241204757
1989-05-01,1.734578088054861
1989-06-01,1.1400305398421384
1989-07-01,1.086568800170393
1989-08-01,-0.3143484737683527
1989-09-01,0.51150490603148
1989-10-01,0.8125083275918558
1989-11-01,-0.20059675574359323
1989-12-01,-0.4357083463203676
1990-01-01,-0.05382887913018233
1990-02-01,-1.2143708510223334
1990-03-01,-0.40024713419025676
1990-04-01,0.2063613776719907
1990-05-01,1.5803933691167114
1990-06-01,0.48546755045912177
1990-07-01,0.6774006327423686
1990-08-01,-0.1918750424301266
1990-09-01,-0.7251003612973776
1990-10-01,0.3070307966016399
1990-11-01,-0.4927279534283468
1990-12-01,-0.19976519849344251
1991-01-01,0.4844599121725825
1991-02-01,0.18117629632183122
1991-03-01,-0.5946991831896049
1991-04-01,-0.6952174568174436
1991-05-01,-1.5803933691165362
1991-06-01,-0.1690954389239878
1991-07-01,-0.07274100754247219
1991-08-01,-0.4368219051066484
1991-09-01,-1.5682403162943523
1991-10-01,-1.0409092860390208
1991-11-01,-0.6680066720392787
1991-12-01,-1.5210468263242016
1992-01-01,-2.1655772142411123
1992-02-01,-0.5900471272105066
1992-03-01,-1.8100244894352544
1992-04-01,-1.1159542462459056
1992-05-01,0.3469156176109897
1992-06-01,-0.9054788019799047
1992-07-01,-0.6182985641133008
1992-08-01,0.4204921142612824
1992-09-01,0.06183026336645247
1992-10-01,-1.4340584768092242
1992-11-01,-0.6680066720392787
1992-12-01,-0.4828969758857097
1993-01-01,-0.6749313306333943
1993-02-01,-0.4798723524201547
1993-03-01,-0.400247134190312
1993-04-01,-1.2962700131437788
1993-05-01,-0.5011003365490515
1993-06-01,-1.232760296671413
1993-07-01,-1.0274667315414028
1993-08-01,-1.1716624931362138
1993-09-01,-0.7251003612973776
1993-10-01,-1.097073456148995
1993-11-01,0.03310820240431591
1993-12-01,0.17774383802961619
1994-01-01,-0.09523570923045295
1994-02-01,0.18117629632183122
1994-03-01,-0.5946991831896049
1994-04-01,-1.416480524409073
1994-05-01,-0.9636544933636753
1994-06-01,-0.6600176809612968
1994-07-01,-1.7776083718262434
1994-08-01,-1.3553726401436574
1994-09-01,-1.6244496466274967
1994-10-01,-1.1532376262590331
1994-11-01,-0.6680066720392122
1994-12-01,-1.0491605306703513
1995-01-01,-0.3022698597314765
1995-02-01,-0.11262310311906532
1995-03-01,0.6206261230560446
1995-04-01,-0.8154279680828063
1995-05-01,-0.5781926960181701
1995-06-01,0.2400064294404208
1995-07-01,0.5410112435995645
1995-08-01,0.35925539859206496
1995-09-01,0.23045825436582182
1995-10-01,0.02620994605144905
1995-11-01,0.09153444194129319
1995-12-01,-0.4357083463203676
1996-01-01,0.7743077228740531
1996-02-01,0.18117629632178947
1996-03-01,0.9123041965550116
1996-04-01,0.8074139339983258
1996-05-01,0.42400797708010823
1996-06-01,1.7127731555523475
1996-07-01,0.8137900218850176
1996-08-01,0.7266756926068825
1996-09-01,0.6239235666977688
1996-10-01,0.5316874770417287
1996-11-01,-0.025318037132661373
1996-12-01,0.8383846519449957
1997-01-01,0.443053082072406
1997-02-01,1.1727492694347892
1997-03-01,-0.351634121940475
1997-04-01,-0.9957437349806795
1997-05-01,-1.8116704475237164
1997-06-01,-2.0509640334003234
1997-07-01,-0.959272036969962
1997-08-01,-1.6003195028201793
1997-09-01,-1.399612325294983
1997-10-01,-1.4340584768091602
1997-11-01,-1.2522690674089185
1997-12-01,-0.8132173828434799
1998-01-01,-2.041356723940489
1998-02-01,-1.3612705507427607
1998-03-01,-2.247541599683677
1998-04-01,-1.5967962913070146
1998-05-01,0.34691561761107736
1998-06-01,1.3854916608607464
1998-07-01,1.6321263567412216
1998-08-01,1.2165694179599957
1998-09-01,1.017388879029652
1998-10-01,1.149493348251957
1998-11-01,1.0847805140697078
1998-12-01,1.2630823180335038
1999-01-01,1.3954101743773122
1999-02-01,0.7687750952035408
1999-03-01,1.1553692578041415
1999-04-01,1.5286770015899553
1999-05-01,0.3469156176109897
1999-06-01,0.4036471767862215
1999-07-01,0.677400632742291
1999-08-01,0.48172882993036065
1999-09-01,-0.050588397299772464
1999-10-01,0.9810008379219064
1999-11-01,1.0847805140696414
1999-12-01,1.215893688468108
2000-01-01,0.4844599121725825
2000-02-01,1.13602434450463
2000-03-01,1.2039822700539784
2000-04-01,1.4685717459573764
2000-05-01,0.655285055487464
2000-06-01,-0.1690954389239878
2000-07-01,-0.27732509125656196
2000-08-01,0.7879124082760304
2000-09-01,0.9049702183634271
2000-10-01,1.0371650080319446
2000-11-01,1.9611741071241013
2000-12-01,0.7440073928142579
2001-01-01,0.7743077228740531
2001-02-01,1.0625744946444373
2001-03-01,0.9609172088047934
2001-04-01,0.2664666333046379
2001-05-01,-0.5781926960181701
2001-06-01,0.5672879241319291
2001-07-01,-0.27732509125656196
2001-08-01,-0.5592953364448745
2001-09-01,0.11803959369959689
2001-10-01,-0.029954224058525266
2001-11-01,0.6173705977739559
2001-12-01,-0.8132173828434263
2002-01-01,0.27742576167151184
2002-02-01,0.7320501702734653
2002-03-01,-0.10856906069134507
2002-04-01,-0.03405964485852968
2002-05-01,-1.1178392123018248
2002-06-01,-0.2509158125968881
2002-07-01,-0.6864932586846639
2002-08-01,-1.110425777467066
2002-09-01,-0.7251003612974416
2002-10-01,-0.5354317550487411
2002-11-01,-0.5511541929653241
2002-12-01,-0.9547832715396135
2003-01-01,-0.13664253933062942
2003-02-01,-0.4431474274900374
2003-03-01,-0.2544080974408009
2003-04-01,-0.1542701561237557
2003-05-01,-0.424007977079933
2003-06-01,-0.9054788019799047
2003-07-01,0.40462185445699306
2003-08-01,0.1143085359155431
2003-09-01,-0.21921638829920573
2003-10-01,-0.029954224058525266
2003-11-01,-0.31744923481748133
2003-12-01,0.8855732815104451
2004-01-01,-0.9647791413349119
2004-02-01,0.8422249450637753
2004-03-01,0.37756106180691473
2004-04-01,-0.8755332237153851
2004-05-01,1.5803933691167114
2004-06-01,-1.1509399229985127
2004-07-01,-0.6182985641133008
2004-08-01,-0.4368219051066484
2004-09-01,-0.27542571863235016
2004-10-01,-0.19844673438863977
2004-11-01,-0.7848591511131667
2004-12-01,-0.7188401237126885
2005-01-01,0.19461210147106478
2005-02-01,-2.0957690493449395
2005-03-01,0.37756106180691473
2005-04-01,-0.5750069455522177
2005-05-01,-1.1178392123019123
2005-06-01,0.6491082978048294
2005-07-01,0.20003777074282578
2005-08-01,-0.3755851894375006
2005-09-01,0.34287691503211065
2005-10-01,1.149493348251957
2005-11-01,-0.20059675574352678
2005-12-01,0.03617794933348259
2006-01-01,1.146969193776018
2006-02-01,0.14445137139171393
2006-03-01,1.5928863680525642
2006-04-01,1.2882559790594348
2006-05-01,-0.6552850554872887
2006-06-01,-0.25091581259679513
2006-07-01,-0.6864932586845864
2006-08-01,-1.2328992088054314
2006-09-01,-0.5564723702980083
2006-10-01,-1.3217301365891478
2006-11-01,-0.14217051620661594
2006-12-01,-0.29414245762418034
2007-01-01,-0.5921176704329942
2007-02-01,-0.07589817818894802
2007-03-01,0.2317220250574036
2007-04-01,0.0260456107741175
2007-05-01,0.0385461797346031
2007-06-01,0.8945694188235304
2007-07-01,-0.4137144803992885
2007-08-01,0.5429655455995085
2007-09-01,0.11803959369959689
2007-10-01,0.6440158172617412
2007-11-01,0.7926493163848877
2007-12-01,1.3574595771642417
2008-01-01,1.2711896840766415
2008-02-01,1.7970729932465743
2008-03-01,1.4470473313030532
2008-04-01,0.5669929114678738
2008-05-01,-0.038546179734515455
2008-06-01,0.812749045150537
2008-07-01,0.3364271598856298
2008-08-01,1.155332702290848
2008-09-01,1.2422262003622297
2008-10-01,1.3741500286921098
2008-11-01,1.4937641908284158
2008-12-01,1.215893688468108
2009-01-01,0.8571213830745003
2009-02-01,1.2829240442250576
2009-03-01,0.37756106180691473
2009-04-01,0.8675191896310414
2009-05-01,-0.34691561761090206
2009-06-01,0.15818605576752048
2009-07-01,0.3364271598855523
2009-08-01,-0.13063832676097872
2009-09-01,0.34287691503211065
2009-10-01,-1.2094017963690713
2009-11-01,-0.6095804325023013
2009-12-01,-0.6244628645818969
2010-01-01,-0.8405586510342413
2010-02-01,-0.9940213014416714
2010-03-01,-0.643312195439442
2010-04-01,1.3483612346920137
2010-05-01,1.272023931240237
2010-06-01,0.5672879241319291
2010-07-01,2.245878607883336
2010-08-01,2.0738834373277872
2010-09-01,2.310203476691718
2010-10-01,1.823463389572351
2010-11-01,1.4353379512914386
2010-12-01,2.537175316298921
2011-01-01,1.7680716452792298
2011-02-01,1.8705228431068088
2011-03-01,2.2734685395501724
2011-04-01,2.1297295579162903
2011-05-01,0.5011003365492268
2011-06-01,0.4036471767862215
2011-07-01,1.2229581893130421
2011-08-01,0.48172882993036065
2011-09-01,1.0735982093627965
2011-10-01,0.8125083275918558
2011-11-01,1.1432067536066186
2011-12-01,2.1596662797758084
2012-01-01,0.8571213830745003
2012-02-01,0.3280759960422169
2012-03-01,0.6206261230560446
2012-04-01,-0.27448066738905
2012-05-01,0.038546179734690746
2012-06-01,-0.6600176809612037
2012-07-01,-0.07274100754247219
2012-08-01,-0.1918750424301266
2012-09-01,0.23045825436582182
2012-10-01,0.36319496671167806
2012-11-01,0.38366563962611316
2012-12-01,-0.5300856054511591
2013-01-01,-0.05382887913018233
2013-02-01,-0.1493480280491826
2013-03-01,1.3012082945535972
2013-04-01,0.2664666333046379
2013-05-01,1.1178392123020877
2013-06-01,1.794593529225155
2013-07-01,0.9501794110277441
2013-08-01,0.23678196725383882
2013-09-01,0.34287691503211065
2013-10-01,-0.029954224058589118
2013-11-01,0.7926493163848213
2013-12-01,0.08336657889882469
2014-01-01,1.1055623636757943
2014-02-01,0.03427659660136208
2014-03-01,-0.8377642444387348
2014-04-01,0.867519189630973
2014-05-01,0.7323774149564949
2014-06-01,0.2400064294404208
2014-07-01,-0.2091303966851987
2014-08-01,-0.804242199121466
2014-09-01,-0.7251003612973776
2014-10-01,-0.5915959251587792
2014-11-01,-0.9017116301871213
2014-12-01,-0.48289697588576336
2015-01-01,-0.6335245005332177
2015-02-01,0.18117629632183122
2015-03-01,-0.643312195439442
2015-04-01,-0.03405964485852968
2015-05-01,-1.040746852832794
2015-06-01,-0.8236584283070043
2015-07-01,-1.4366348989694273
2015-08-01,-1.6003195028201793
2015-09-01,-1.680658976960641
2015-10-01,-1.7148793273592873
2015-11-01,-0.4927279534283468
2015-12-01,-0.8132173828434799
2016-01-01,-1.668695253038524
2016-02-01,-1.397995475672878
2016-03-01,-0.05995604844156331
2016-04-01,-1.356375268776426
2016-05-01,0.5781926960183453
2016-06-01,0.9763897924963377
2016-07-01,0.541011243599642
2016-08-01,0.7879124082760304
2016-09-01,1.2422262003622297
2016-10-01,-0.25461090449861407
2016-11-01,-0.08374427666957224
2016-12-01,0.27212109716040767
2017-01-01,0.1532052713708883
2017-02-01,-0.03917325325883074
2017-03-01,0.8150781720553375
2017-04-01,-0.2143754117564712
2017-05-01,0.3469156176109897
2017-06-01,-0.6600176809612968
2017-07-01,0.9501794110276666
2017-08-01,0.6042022612686564
2017-09-01,0.6239235666977688
2017-10-01,0.9810008379219064
2017-11-01,1.0263542745327305
2017-12-01,-0.105387939362651
2018-01-01,0.8157145529743237
2018-02-01,-0.33297265269972726
2018-03-01,1.3012082945535972
2018-04-01,0.5669929114678054
2018-05-01,0.5011003365492268
2018-06-01,-0.1690954389239878
2018-07-01,0.2682324653142666
2018-08-01,-0.3755851894375006
2018-09-01,-0.9499376826298915
2018-10-01,0.4193591368216524
2018-11-01,-0.025318037132661373
2018-12-01,0.8855732815103915
2019-01-01,-0.012422049029958792
2019-02-01,-0.9205714515814368
2019-03-01,-0.2544080974408009
2019-04-01,0.14625612203934352
2019-05-01,-0.5781926960181701
2019-06-01,-0.6600176809612037
2019-07-01,-0.4819091749706517
2019-08-01,-0.13063832676097872
2019-09-01,-1.1747750039624691
2019-10-01,-0.36693924471869044
2019-11-01,-0.8432853906501441
2019-12-01,-0.48289697588576336
2020-01-01,0.15320527137084122
2020-02-01,-0.03917325325883074
2020-03-01,-0.10856906069134507
